"uf","year_notif","escolaridade","count","perc"
"Rondônia",2011,"Analfabeto",1973,5.30947255113025
"Rondônia",2011,"1ª a 4ª série incompleta do EF",7148,19.2357373519914
"Rondônia",2011,"4ª série completa do EF",3390,9.1227125941873
"Rondônia",2011,"5ª a 8ª série incompleta do EF",12041,32.4031216361679
"Rondônia",2011,"Ensino fundamental completo",6556,17.6426264800861
"Rondônia",2011,"Ensino médio incompleto",1468,3.95048439181916
"Rondônia",2011,"Ensino médio completo",1733,4.66361679224973
"Rondônia",2011,"Educação superior incompleto",994,2.67491926803014
"Rondônia",2011,"Educação superior completa",184,0.495156081808396
"Rondônia",2011,"Não se aplica",1673,4.5021528525296
"Rondônia",2012,"Analfabeto",1626,5.48213081591369
"Rondônia",2012,"1ª a 4ª série incompleta do EF",4701,15.8496291301416
"Rondônia",2012,"4ª série completa do EF",3540,11.9352663519892
"Rondônia",2012,"5ª a 8ª série incompleta do EF",7654,25.8057990559676
"Rondônia",2012,"Ensino fundamental completo",5218,17.5927174645988
"Rondônia",2012,"Ensino médio incompleto",2029,6.84086311530681
"Rondônia",2012,"Ensino médio completo",2842,9.58192852326366
"Rondônia",2012,"Educação superior incompleto",388,1.30815913688469
"Rondônia",2012,"Educação superior completa",311,1.04855023600809
"Rondônia",2012,"Não se aplica",1351,4.55495616992583
"Rondônia",2013,"Analfabeto",766,4.28603401969561
"Rondônia",2013,"1ª a 4ª série incompleta do EF",2764,15.4655326768129
"Rondônia",2013,"4ª série completa do EF",1820,10.183527305282
"Rondônia",2013,"5ª a 8ª série incompleta do EF",5069,28.3628021486124
"Rondônia",2013,"Ensino fundamental completo",2146,12.0076096687556
"Rondônia",2013,"Ensino médio incompleto",1471,8.23075201432408
"Rondônia",2013,"Ensino médio completo",2491,13.9380035810206
"Rondônia",2013,"Educação superior incompleto",264,1.47717099373321
"Rondônia",2013,"Educação superior completa",309,1.72896150402865
"Rondônia",2013,"Não se aplica",772,4.319606087735
"Rondônia",2014,"Analfabeto",530,4.5144804088586
"Rondônia",2014,"1ª a 4ª série incompleta do EF",1912,16.2862010221465
"Rondônia",2014,"4ª série completa do EF",1309,11.1499148211244
"Rondônia",2014,"5ª a 8ª série incompleta do EF",3218,27.4105621805792
"Rondônia",2014,"Ensino fundamental completo",1316,11.2095400340716
"Rondônia",2014,"Ensino médio incompleto",1056,8.99488926746167
"Rondônia",2014,"Ensino médio completo",1589,13.5349233390119
"Rondônia",2014,"Educação superior incompleto",168,1.43100511073254
"Rondônia",2014,"Educação superior completa",204,1.73764906303237
"Rondônia",2014,"Não se aplica",438,3.73083475298126
"Rondônia",2015,"Analfabeto",364,4.29904334475021
"Rondônia",2015,"1ª a 4ª série incompleta do EF",1498,17.6922168418566
"Rondônia",2015,"4ª série completa do EF",961,11.3499468524861
"Rondônia",2015,"5ª a 8ª série incompleta do EF",2213,26.1367662690445
"Rondônia",2015,"Ensino fundamental completo",796,9.40120467698122
"Rondônia",2015,"Ensino médio incompleto",780,9.21223573875044
"Rondônia",2015,"Ensino médio completo",1144,13.5112790835006
"Rondônia",2015,"Educação superior incompleto",106,1.25191921577891
"Rondônia",2015,"Educação superior completa",132,1.55899374040392
"Rondônia",2015,"Não se aplica",473,5.58639423644738
"Rondônia",2016,"Analfabeto",386,4.5035585112589
"Rondônia",2016,"1ª a 4ª série incompleta do EF",1418,16.5441605413604
"Rondônia",2016,"4ª série completa do EF",1086,12.6706335316766
"Rondônia",2016,"5ª a 8ª série incompleta do EF",2166,25.2712635631782
"Rondônia",2016,"Ensino fundamental completo",949,11.0722202776806
"Rondônia",2016,"Ensino médio incompleto",923,10.7688717769222
"Rondônia",2016,"Ensino médio completo",984,11.4805740287014
"Rondônia",2016,"Educação superior incompleto",102,1.19005950297515
"Rondônia",2016,"Educação superior completa",146,1.70341850425855
"Rondônia",2016,"Não se aplica",411,4.7952397619881
"Rondônia",2017,"Analfabeto",374,4.50548126731719
"Rondônia",2017,"1ª a 4ª série incompleta do EF",1296,15.6125767979761
"Rondônia",2017,"4ª série completa do EF",876,10.5529454282617
"Rondônia",2017,"5ª a 8ª série incompleta do EF",2293,27.6231779303698
"Rondônia",2017,"Ensino fundamental completo",890,10.7215998072521
"Rondônia",2017,"Ensino médio incompleto",802,9.66148656788339
"Rondônia",2017,"Ensino médio completo",1076,12.9622936995543
"Rondônia",2017,"Educação superior incompleto",92,1.1083002047946
"Rondônia",2017,"Educação superior completa",175,2.10817973738104
"Rondônia",2017,"Não se aplica",427,5.14395855920973
"Rondônia",2018,"Analfabeto",394,4.06814661848219
"Rondônia",2018,"1ª a 4ª série incompleta do EF",1591,16.4274651522974
"Rondônia",2018,"4ª série completa do EF",983,10.1497160557563
"Rondônia",2018,"5ª a 8ª série incompleta do EF",2453,25.3278265358802
"Rondônia",2018,"Ensino fundamental completo",1135,11.7191533298916
"Rondônia",2018,"Ensino médio incompleto",1112,11.4816726897264
"Rondônia",2018,"Ensino médio completo",1232,12.7207021166753
"Rondônia",2018,"Educação superior incompleto",106,1.09447599380485
"Rondônia",2018,"Educação superior completa",181,1.86886938564791
"Rondônia",2018,"Não se aplica",498,5.14197212183789
"Rondônia",2019,"Analfabeto",749,6.35391923990499
"Rondônia",2019,"1ª a 4ª série incompleta do EF",1749,14.837122497455
"Rondônia",2019,"4ª série completa do EF",1055,8.9497794367153
"Rondônia",2019,"5ª a 8ª série incompleta do EF",3318,28.1472684085511
"Rondônia",2019,"Ensino fundamental completo",1213,10.2901255514082
"Rondônia",2019,"Ensino médio incompleto",1173,9.95079742110621
"Rondônia",2019,"Ensino médio completo",1621,13.7512724804886
"Rondônia",2019,"Educação superior incompleto",140,1.18764845605701
"Rondônia",2019,"Educação superior completa",253,2.14625042416016
"Rondônia",2019,"Não se aplica",517,4.38581608415338
"Acre",2011,"Analfabeto",2080,8.27333837158426
"Acre",2011,"1ª a 4ª série incompleta do EF",5888,23.4199116980231
"Acre",2011,"4ª série completa do EF",187,0.743804940137624
"Acre",2011,"5ª a 8ª série incompleta do EF",11502,45.7499701682511
"Acre",2011,"Ensino fundamental completo",3036,12.0758919692932
"Acre",2011,"Ensino médio incompleto",88,0.350025854182411
"Acre",2011,"Ensino médio completo",106,0.421622051628813
"Acre",2011,"Educação superior incompleto",538,2.13993079034247
"Acre",2011,"Educação superior completa",16,0.063641064396802
"Acre",2011,"Não se aplica",1700,6.76186309216022
"Acre",2012,"Analfabeto",1770,5.90275461882212
"Acre",2012,"1ª a 4ª série incompleta do EF",6234,20.7897018608684
"Acre",2012,"4ª série completa do EF",3473,11.5820716334289
"Acre",2012,"5ª a 8ª série incompleta do EF",8894,29.6605082371774
"Acre",2012,"Ensino fundamental completo",2763,9.21430000666978
"Acre",2012,"Ensino médio incompleto",1379,4.59881277929701
"Acre",2012,"Ensino médio completo",1761,5.87274061228573
"Acre",2012,"Educação superior incompleto",354,1.18055092376442
"Acre",2012,"Educação superior completa",152,0.506903221503368
"Acre",2012,"Não se aplica",3206,10.6916561061829
"Acre",2013,"Analfabeto",3018,8.25424609577989
"Acre",2013,"1ª a 4ª série incompleta do EF",7205,19.7057134261412
"Acre",2013,"4ª série completa do EF",6847,18.726581516834
"Acre",2013,"5ª a 8ª série incompleta do EF",8243,22.5446489620655
"Acre",2013,"Ensino fundamental completo",2088,5.71069113584772
"Acre",2013,"Ensino médio incompleto",2435,6.65973798648907
"Acre",2013,"Ensino médio completo",2965,8.10929081311709
"Acre",2013,"Educação superior incompleto",258,0.705631375981183
"Acre",2013,"Educação superior completa",309,0.845116647977464
"Acre",2013,"Não se aplica",3195,8.73834203976698
"Acre",2014,"Analfabeto",2247,6.70006261740764
"Acre",2014,"1ª a 4ª série incompleta do EF",7879,23.493454990011
"Acre",2014,"4ª série completa do EF",5509,16.4266332707159
"Acre",2014,"5ª a 8ª série incompleta do EF",6431,19.1758356442139
"Acre",2014,"Ensino fundamental completo",1935,5.76974684676626
"Acre",2014,"Ensino médio incompleto",2905,8.66207472343978
"Acre",2014,"Ensino médio completo",3076,9.17195932850285
"Acre",2014,"Educação superior incompleto",236,0.703700390613352
"Acre",2014,"Educação superior completa",347,1.03467811670692
"Acre",2014,"Não se aplica",2972,8.86185407162239
"Acre",2015,"Analfabeto",1666,5.70938999314599
"Acre",2015,"1ª a 4ª série incompleta do EF",7625,26.1309115832762
"Acre",2015,"4ª série completa do EF",3219,11.0315284441398
"Acre",2015,"5ª a 8ª série incompleta do EF",5681,19.46881425634
"Acre",2015,"Ensino fundamental completo",1558,5.33927347498286
"Acre",2015,"Ensino médio incompleto",2652,9.08841672378341
"Acre",2015,"Ensino médio completo",3226,11.0555174777245
"Acre",2015,"Educação superior incompleto",219,0.750514050719671
"Acre",2015,"Educação superior completa",335,1.14804660726525
"Acre",2015,"Não se aplica",2999,10.2775873886223
"Acre",2016,"Analfabeto",1296,3.37491211166376
"Acre",2016,"1ª a 4ª série incompleta do EF",9697,25.2519465638916
"Acre",2016,"4ª série completa do EF",6601,17.1896565193615
"Acre",2016,"5ª a 8ª série incompleta do EF",5550,14.4527486263379
"Acre",2016,"Ensino fundamental completo",2046,5.32798625035806
"Acre",2016,"Ensino médio incompleto",3034,7.90083591573136
"Acre",2016,"Ensino médio completo",5205,13.5543345225385
"Acre",2016,"Educação superior incompleto",255,0.664045207156064
"Acre",2016,"Educação superior completa",412,1.07288872685607
"Acre",2016,"Não se aplica",4305,11.2106455561053
"Acre",2017,"Analfabeto",1313,3.11735796196491
"Acre",2017,"1ª a 4ª série incompleta do EF",9706,23.0442318193689
"Acre",2017,"4ª série completa do EF",7285,17.296232104276
"Acre",2017,"5ª a 8ª série incompleta do EF",6201,14.722571760963
"Acre",2017,"Ensino fundamental completo",2141,5.08321660058406
"Acre",2017,"Ensino médio incompleto",3427,8.13647047650704
"Acre",2017,"Ensino médio completo",6676,15.8503288302191
"Acre",2017,"Educação superior incompleto",299,0.709893397279138
"Acre",2017,"Educação superior completa",604,1.43403214701204
"Acre",2017,"Não se aplica",4467,10.6056649018258
"Acre",2018,"Analfabeto",990,3.13897079805955
"Acre",2018,"1ª a 4ª série incompleta do EF",7577,24.0242239766638
"Acre",2018,"4ª série completa do EF",2508,7.95205935508418
"Acre",2018,"5ª a 8ª série incompleta do EF",5130,16.2655759535813
"Acre",2018,"Ensino fundamental completo",1932,6.12574907257681
"Acre",2018,"Ensino médio incompleto",3020,9.57544627286851
"Acre",2018,"Ensino médio completo",5611,17.7906718665779
"Acre",2018,"Educação superior incompleto",375,1.18900409017407
"Acre",2018,"Educação superior completa",782,2.47946986270966
"Acre",2018,"Não se aplica",3614,11.4588287517042
"Acre",2019,"Analfabeto",520,3.5383777898748
"Acre",2019,"1ª a 4ª série incompleta do EF",3823,26.0138813282526
"Acre",2019,"4ª série completa do EF",1123,7.64153511159499
"Acre",2019,"5ª a 8ª série incompleta do EF",2370,16.1268372346217
"Acre",2019,"Ensino fundamental completo",869,5.91317365269461
"Acre",2019,"Ensino médio incompleto",1389,9.45155144256941
"Acre",2019,"Ensino médio completo",2456,16.7120304844856
"Acre",2019,"Educação superior incompleto",179,1.21801850843767
"Acre",2019,"Educação superior completa",328,2.23189983669026
"Acre",2019,"Não se aplica",1639,11.1526946107784
"Amazonas",2011,"Analfabeto",7915,11.7141250295998
"Amazonas",2011,"1ª a 4ª série incompleta do EF",27821,41.1748164811745
"Amazonas",2011,"4ª série completa do EF",2085,3.08578025100639
"Amazonas",2011,"5ª a 8ª série incompleta do EF",10184,15.0722235377694
"Amazonas",2011,"Ensino fundamental completo",7241,10.716611413687
"Amazonas",2011,"Ensino médio incompleto",736,1.08927302865262
"Amazonas",2011,"Ensino médio completo",822,1.21655221406583
"Amazonas",2011,"Educação superior incompleto",3639,5.3856855316126
"Amazonas",2011,"Educação superior completa",80,0.11839924224485
"Amazonas",2011,"Não se aplica",7045,10.4265332701871
"Amazonas",2012,"Analfabeto",12297,13.4497807041529
"Amazonas",2012,"1ª a 4ª série incompleta do EF",27842,30.4520447560402
"Amazonas",2012,"4ª série completa do EF",9854,10.7777619792407
"Amazonas",2012,"5ª a 8ª série incompleta do EF",12594,13.774622931455
"Amazonas",2012,"Ensino fundamental completo",6656,7.27996587515996
"Amazonas",2012,"Ensino médio incompleto",4426,4.84091480821184
"Amazonas",2012,"Ensino médio completo",3853,4.21419899594221
"Amazonas",2012,"Educação superior incompleto",1457,1.59358628006431
"Amazonas",2012,"Educação superior completa",401,0.438591694101434
"Amazonas",2012,"Não se aplica",12049,13.1785319756314
"Amazonas",2013,"Analfabeto",12680,14.7381879467659
"Amazonas",2013,"1ª a 4ª série incompleta do EF",23785,27.6457255768001
"Amazonas",2013,"4ª série completa do EF",9574,11.1280292904051
"Amazonas",2013,"5ª a 8ª série incompleta do EF",12231,14.2163073167897
"Amazonas",2013,"Ensino fundamental completo",5102,5.93014470854885
"Amazonas",2013,"Ensino médio incompleto",4940,5.74184924739931
"Amazonas",2013,"Ensino médio completo",4803,5.5826117277852
"Amazonas",2013,"Educação superior incompleto",735,0.854303481141396
"Amazonas",2013,"Educação superior completa",501,0.582321148369849
"Amazonas",2013,"Não se aplica",11684,13.5805195559947
"Amazonas",2014,"Analfabeto",8775,11.6673314718787
"Amazonas",2014,"1ª a 4ª série incompleta do EF",20011,26.6068341975801
"Amazonas",2014,"4ª série completa do EF",8449,11.2338784736072
"Amazonas",2014,"5ª a 8ª série incompleta do EF",11918,15.8462970349688
"Amazonas",2014,"Ensino fundamental completo",4954,6.58689004121792
"Amazonas",2014,"Ensino médio incompleto",4951,6.58290120994549
"Amazonas",2014,"Ensino médio completo",4481,5.95798431059699
"Amazonas",2014,"Educação superior incompleto",605,0.804414306608164
"Amazonas",2014,"Educação superior completa",551,0.732615343704295
"Amazonas",2014,"Não se aplica",10515,13.9808536098923
"Amazonas",2015,"Analfabeto",11829,13.8108581436077
"Amazonas",2015,"1ª a 4ª série incompleta do EF",21904,25.5738470519556
"Amazonas",2015,"4ª série completa do EF",8583,10.0210157618214
"Amazonas",2015,"5ª a 8ª série incompleta do EF",13972,16.3129013426737
"Amazonas",2015,"Ensino fundamental completo",5437,6.34792761237595
"Amazonas",2015,"Ensino médio incompleto",5912,6.90251021599533
"Amazonas",2015,"Ensino médio completo",5493,6.41330998248686
"Amazonas",2015,"Educação superior incompleto",522,0.609457092819615
"Amazonas",2015,"Educação superior completa",549,0.640980735551664
"Amazonas",2015,"Não se aplica",11449,13.3671920607122
"Amazonas",2016,"Analfabeto",6423,10.9609378999642
"Amazonas",2016,"1ª a 4ª série incompleta do EF",12684,21.6454205703169
"Amazonas",2016,"4ª série completa do EF",5499,9.38411918292121
"Amazonas",2016,"5ª a 8ª série incompleta do EF",10208,17.420092493046
"Amazonas",2016,"Ensino fundamental completo",4838,8.25611358555607
"Amazonas",2016,"Ensino médio incompleto",4493,7.66736633730951
"Amazonas",2016,"Ensino médio completo",5107,8.71516578781208
"Amazonas",2016,"Educação superior incompleto",439,0.749159541971706
"Amazonas",2016,"Educação superior completa",444,0.757692110786873
"Amazonas",2016,"Não se aplica",8464,14.4439324903155
"Amazonas",2017,"Analfabeto",9126,9.32309012524774
"Amazonas",2017,"1ª a 4ª série incompleta do EF",22992,23.4885479026623
"Amazonas",2017,"4ª série completa do EF",10071,10.2884988660278
"Amazonas",2017,"5ª a 8ª série incompleta do EF",17239,17.6113029442413
"Amazonas",2017,"Ensino fundamental completo",8056,8.22998181558139
"Amazonas",2017,"Ensino médio incompleto",8025,8.1983123224976
"Amazonas",2017,"Ensino médio completo",8977,9.17087223913532
"Amazonas",2017,"Educação superior incompleto",688,0.70285842714995
"Amazonas",2017,"Educação superior completa",783,0.799910099503504
"Amazonas",2017,"Não se aplica",11929,12.1866252579531
"Amazonas",2018,"Analfabeto",7821,9.09566673644547
"Amazonas",2018,"1ª a 4ª série incompleta do EF",21007,24.4307212802084
"Amazonas",2018,"4ª série completa do EF",7811,9.08403693624543
"Amazonas",2018,"5ª a 8ª série incompleta do EF",14122,16.423603842486
"Amazonas",2018,"Ensino fundamental completo",6647,7.73032819296165
"Amazonas",2018,"Ensino médio incompleto",6733,7.83034447468192
"Amazonas",2018,"Ensino médio completo",8368,9.73181680738725
"Amazonas",2018,"Educação superior incompleto",628,0.730351452562045
"Amazonas",2018,"Educação superior completa",834,0.969925336682716
"Amazonas",2018,"Não se aplica",12015,13.9732049403391
"Amazonas",2019,"Analfabeto",8495,11.2543387827562
"Amazonas",2019,"1ª a 4ª série incompleta do EF",18066,23.9341829840227
"Amazonas",2019,"4ª série completa do EF",5830,7.72369571553483
"Amazonas",2019,"5ª a 8ª série incompleta do EF",12253,16.233009194245
"Amazonas",2019,"Ensino fundamental completo",4924,6.5234095545958
"Amazonas",2019,"Ensino médio incompleto",5758,7.62830873585756
"Amazonas",2019,"Ensino médio completo",7642,10.1242680374129
"Amazonas",2019,"Educação superior incompleto",469,0.621340187064466
"Amazonas",2019,"Educação superior completa",746,0.988315094989534
"Amazonas",2019,"Não se aplica",11299,14.9691317135211
"Roraima",2011,"Analfabeto",8218,61.9198312236287
"Roraima",2011,"1ª a 4ª série incompleta do EF",922,6.94695599758891
"Roraima",2011,"4ª série completa do EF",239,1.80078360458107
"Roraima",2011,"5ª a 8ª série incompleta do EF",1243,9.36558167570826
"Roraima",2011,"Ensino fundamental completo",660,4.97287522603978
"Roraima",2011,"Ensino médio incompleto",132,0.994575045207957
"Roraima",2011,"Ensino médio completo",137,1.03224834237492
"Roraima",2011,"Educação superior incompleto",341,2.56931886678722
"Roraima",2011,"Educação superior completa",7,0.0527426160337553
"Roraima",2011,"Não se aplica",1373,10.3450874020494
"Roraima",2012,"Analfabeto",893,12.7045098876085
"Roraima",2012,"1ª a 4ª série incompleta do EF",925,13.1597666808934
"Roraima",2012,"4ª série completa do EF",459,6.53008962868118
"Roraima",2012,"5ª a 8ª série incompleta do EF",2833,40.3044529805093
"Roraima",2012,"Ensino fundamental completo",451,6.41627543035994
"Roraima",2012,"Ensino médio incompleto",380,5.40617442025893
"Roraima",2012,"Ensino médio completo",438,6.23132735808792
"Roraima",2012,"Educação superior incompleto",65,0.92474036136008
"Roraima",2012,"Educação superior completa",57,0.810926163038839
"Roraima",2012,"Não se aplica",528,7.51173708920188
"Roraima",2013,"Analfabeto",624,10.6794454903303
"Roraima",2013,"1ª a 4ª série incompleta do EF",1672,28.6154372753722
"Roraima",2013,"4ª série completa do EF",429,7.34211877460209
"Roraima",2013,"5ª a 8ª série incompleta do EF",1041,17.8161903131953
"Roraima",2013,"Ensino fundamental completo",479,8.19784357350676
"Roraima",2013,"Ensino médio incompleto",462,7.90689714187917
"Roraima",2013,"Ensino médio completo",574,9.82372069142564
"Roraima",2013,"Educação superior incompleto",42,0.718808831079925
"Roraima",2013,"Educação superior completa",44,0.753037823036112
"Roraima",2013,"Não se aplica",476,8.14650008557248
"Roraima",2014,"Analfabeto",767,11.3026819923372
"Roraima",2014,"1ª a 4ª série incompleta do EF",1273,18.7592101385205
"Roraima",2014,"4ª série completa do EF",481,7.08812260536398
"Roraima",2014,"5ª a 8ª série incompleta do EF",1665,24.5358090185676
"Roraima",2014,"Ensino fundamental completo",513,7.55968169761273
"Roraima",2014,"Ensino médio incompleto",521,7.67757147067492
"Roraima",2014,"Ensino médio completo",746,10.9932213380489
"Roraima",2014,"Educação superior incompleto",102,1.50309460654288
"Roraima",2014,"Educação superior completa",69,1.01679929266136
"Roraima",2014,"Não se aplica",649,9.56380783966991
"Roraima",2015,"Analfabeto",1896,24.057860677579
"Roraima",2015,"1ª a 4ª série incompleta do EF",1060,13.450069788098
"Roraima",2015,"4ª série completa do EF",590,7.48635959903566
"Roraima",2015,"5ª a 8ª série incompleta do EF",1417,17.9799517827687
"Roraima",2015,"Ensino fundamental completo",439,5.57035909148585
"Roraima",2015,"Ensino médio incompleto",603,7.6513132851161
"Roraima",2015,"Ensino médio completo",659,8.36188300977033
"Roraima",2015,"Educação superior incompleto",111,1.40845070422535
"Roraima",2015,"Educação superior completa",74,0.938967136150235
"Roraima",2015,"Não se aplica",1032,13.0947849257708
"Roraima",2016,"Analfabeto",2072,31.1438448820081
"Roraima",2016,"1ª a 4ª série incompleta do EF",939,14.1139335638058
"Roraima",2016,"4ª série completa do EF",359,5.39606192695025
"Roraima",2016,"5ª a 8ª série incompleta do EF",792,11.9044040282579
"Roraima",2016,"Ensino fundamental completo",267,4.01322711558695
"Roraima",2016,"Ensino médio incompleto",528,7.93626935217195
"Roraima",2016,"Ensino médio completo",570,8.56756350518563
"Roraima",2016,"Educação superior incompleto",54,0.811663911017586
"Roraima",2016,"Educação superior completa",60,0.90184879001954
"Roraima",2016,"Não se aplica",1012,15.2111829249962
"Roraima",2017,"Analfabeto",3349,23.5795254523692
"Roraima",2017,"1ª a 4ª série incompleta do EF",2343,16.4965148208125
"Roraima",2017,"4ª série completa do EF",1059,7.45617123142998
"Roraima",2017,"5ª a 8ª série incompleta do EF",2372,16.7006970358375
"Roraima",2017,"Ensino fundamental completo",876,6.16771104696191
"Roraima",2017,"Ensino médio incompleto",1168,8.22361472928254
"Roraima",2017,"Ensino médio completo",1298,9.13891431387735
"Roraima",2017,"Educação superior incompleto",112,0.7885657959586
"Roraima",2017,"Educação superior completa",154,1.08427796944308
"Roraima",2017,"Não se aplica",1472,10.3640076040273
"Roraima",2018,"Analfabeto",5604,23.9876722883315
"Roraima",2018,"1ª a 4ª série incompleta do EF",2925,12.5203321633422
"Roraima",2018,"4ª série completa do EF",1466,6.2751476757127
"Roraima",2018,"5ª a 8ª série incompleta do EF",3715,15.9018919613047
"Roraima",2018,"Ensino fundamental completo",1412,6.04400308192792
"Roraima",2018,"Ensino médio incompleto",2043,8.74497046485746
"Roraima",2018,"Ensino médio completo",2345,10.037668007876
"Roraima",2018,"Educação superior incompleto",171,0.731957880318466
"Roraima",2018,"Educação superior completa",261,1.11719886995976
"Roraima",2018,"Não se aplica",3420,14.6391576063693
"Roraima",2019,"Analfabeto",3584,13.7013533144736
"Roraima",2019,"1ª a 4ª série incompleta do EF",2803,10.7156510436578
"Roraima",2019,"4ª série completa do EF",989,3.78087009710223
"Roraima",2019,"5ª a 8ª série incompleta do EF",3305,12.6347580090221
"Roraima",2019,"Ensino fundamental completo",1749,6.68629100084104
"Roraima",2019,"Ensino médio incompleto",2458,9.39674287025002
"Roraima",2019,"Ensino médio completo",2984,11.4075999694166
"Roraima",2019,"Educação superior incompleto",211,0.806636593011698
"Roraima",2019,"Educação superior completa",327,1.25009557305604
"Roraima",2019,"Não se aplica",7748,29.6200015291689
"Pará",2011,"Analfabeto",11923,8.33881187841826
"Pará",2011,"1ª a 4ª série incompleta do EF",55979,39.1510819543719
"Pará",2011,"4ª série completa do EF",13759,9.62288959449441
"Pará",2011,"5ª a 8ª série incompleta do EF",23733,16.5985928298667
"Pará",2011,"Ensino fundamental completo",6584,4.60477542627743
"Pará",2011,"Ensino médio incompleto",4115,2.8779846414234
"Pará",2011,"Ensino médio completo",2770,1.93730679386216
"Pará",2011,"Educação superior incompleto",1222,0.85465303324894
"Pará",2011,"Educação superior completa",298,0.208417842805388
"Pará",2011,"Não se aplica",22599,15.8054860052314
"Pará",2012,"Analfabeto",6768,6.98754878275414
"Pará",2012,"1ª a 4ª série incompleta do EF",33859,34.9573602593487
"Pará",2012,"4ª série completa do EF",11201,11.5643519378885
"Pará",2012,"5ª a 8ª série incompleta do EF",16748,17.2912924074418
"Pará",2012,"Ensino fundamental completo",5033,5.19626669970472
"Pará",2012,"Ensino médio incompleto",3363,3.4720931673171
"Pará",2012,"Ensino médio completo",3144,3.24598897354891
"Pará",2012,"Educação superior incompleto",367,0.378905201428896
"Pará",2012,"Educação superior completa",280,0.289082987466188
"Pará",2012,"Não se aplica",16095,16.617109583101
"Pará",2013,"Analfabeto",2058,6.70227317136716
"Pará",2013,"1ª a 4ª série incompleta do EF",8067,26.2717384224582
"Pará",2013,"4ª série completa do EF",3137,10.2162443822054
"Pará",2013,"5ª a 8ª série incompleta do EF",8512,27.7209665863349
"Pará",2013,"Ensino fundamental completo",1817,5.91741027812154
"Pará",2013,"Ensino médio incompleto",1612,5.2497883149873
"Pará",2013,"Ensino médio completo",1530,4.9827395297336
"Pará",2013,"Educação superior incompleto",101,0.32892594281248
"Pará",2013,"Educação superior completa",115,0.374519637855794
"Pará",2013,"Não se aplica",3757,12.2353937341236
"Pará",2014,"Analfabeto",825,6.0122431132488
"Pará",2014,"1ª a 4ª série incompleta do EF",3856,28.1008599329544
"Pará",2014,"4ª série completa do EF",1328,9.67788952047806
"Pará",2014,"5ª a 8ª série incompleta do EF",3709,27.0295875236846
"Pará",2014,"Ensino fundamental completo",765,5.57498906864889
"Pará",2014,"Ensino médio incompleto",692,5.04299664771899
"Pará",2014,"Ensino médio completo",654,4.76606908613905
"Pará",2014,"Educação superior incompleto",31,0.225914589709955
"Pará",2014,"Educação superior completa",54,0.393528640139921
"Pará",2014,"Não se aplica",1808,13.1759218772774
"Pará",2015,"Analfabeto",782,6.82671322566565
"Pará",2015,"1ª a 4ª série incompleta do EF",3667,32.0122217372327
"Pará",2015,"4ª série completa do EF",1270,11.0868616324749
"Pará",2015,"5ª a 8ª série incompleta do EF",2045,17.8524661719773
"Pará",2015,"Ensino fundamental completo",674,5.88389349628983
"Pará",2015,"Ensino médio incompleto",592,5.16804888694893
"Pará",2015,"Ensino médio completo",464,4.05063291139241
"Pará",2015,"Educação superior incompleto",51,0.445220427760803
"Pará",2015,"Educação superior completa",64,0.558707987778263
"Pará",2015,"Não se aplica",1846,16.1152335224793
"Pará",2016,"Analfabeto",1299,6.89710098757566
"Pará",2016,"1ª a 4ª série incompleta do EF",6511,34.5704576829139
"Pará",2016,"4ª série completa do EF",1922,10.2049484973983
"Pará",2016,"5ª a 8ª série incompleta do EF",3155,16.7516194117022
"Pará",2016,"Ensino fundamental completo",1079,5.72900074333652
"Pará",2016,"Ensino médio incompleto",1099,5.83519167463099
"Pará",2016,"Ensino médio completo",809,4.29542317086121
"Pará",2016,"Educação superior incompleto",75,0.398215992354253
"Pará",2016,"Educação superior completa",119,0.631836041202081
"Pará",2016,"Não se aplica",2766,14.6862057980248
"Pará",2017,"Analfabeto",2961,5.76047624606047
"Pará",2017,"1ª a 4ª série incompleta do EF",20701,40.2727520329948
"Pará",2017,"4ª série completa do EF",5221,10.1571923271468
"Pará",2017,"5ª a 8ª série incompleta do EF",8416,16.3729037780631
"Pará",2017,"Ensino fundamental completo",2122,4.128244037197
"Pará",2017,"Ensino médio incompleto",2314,4.50177035913
"Pará",2017,"Ensino médio completo",1667,3.24306447219953
"Pará",2017,"Educação superior incompleto",250,0.486362398350259
"Pará",2017,"Educação superior completa",337,0.655616512976149
"Pará",2017,"Não se aplica",7413,14.4216178358819
"Pará",2018,"Analfabeto",3632,5.52496273084061
"Pará",2018,"1ª a 4ª série incompleta do EF",23361,35.5365237762025
"Pará",2018,"4ª série completa do EF",6930,10.5418479418297
"Pará",2018,"5ª a 8ª série incompleta do EF",13017,19.801332562597
"Pará",2018,"Ensino fundamental completo",2981,4.53466792418388
"Pará",2018,"Ensino médio incompleto",3939,5.99196811585384
"Pará",2018,"Ensino médio completo",3067,4.66549027959475
"Pará",2018,"Educação superior incompleto",486,0.739298427089355
"Pará",2018,"Educação superior completa",604,0.918798868234507
"Pará",2018,"Não se aplica",7721,11.7451093735739
"Pará",2019,"Analfabeto",2461,5.88150945199914
"Pará",2019,"1ª a 4ª série incompleta do EF",12829,30.659847525273
"Pará",2019,"4ª série completa do EF",4646,11.1034103673255
"Pará",2019,"5ª a 8ª série incompleta do EF",8274,19.7739167841694
"Pará",2019,"Ensino fundamental completo",2059,4.92077527901919
"Pará",2019,"Ensino médio incompleto",2521,6.0249026121454
"Pará",2019,"Ensino médio completo",2107,5.0354898071362
"Pará",2019,"Educação superior incompleto",228,0.544894008555792
"Pará",2019,"Educação superior completa",306,0.731305116745931
"Pará",2019,"Não se aplica",6412,15.3239490476304
"Amapá",2011,"Analfabeto",998,5.14990453583776
"Amapá",2011,"1ª a 4ª série incompleta do EF",5684,29.3307188193405
"Amapá",2011,"4ª série completa do EF",1451,7.48748645440941
"Amapá",2011,"5ª a 8ª série incompleta do EF",3971,20.4912534186491
"Amapá",2011,"Ensino fundamental completo",2502,12.9108829144951
"Amapá",2011,"Ensino médio incompleto",1431,7.38428195469322
"Amapá",2011,"Ensino médio completo",841,4.33974921306569
"Amapá",2011,"Educação superior incompleto",301,1.55322772072862
"Amapá",2011,"Educação superior completa",112,0.577945198410651
"Amapá",2011,"Não se aplica",2088,10.77454977037
"Amapá",2012,"Analfabeto",870,5.84559564603911
"Amapá",2012,"1ª a 4ª série incompleta do EF",3862,25.9490694080495
"Amapá",2012,"4ª série completa do EF",1162,7.80756567896257
"Amapá",2012,"5ª a 8ª série incompleta do EF",3397,22.8246993213734
"Amapá",2012,"Ensino fundamental completo",1315,8.83558422361083
"Amapá",2012,"Ensino médio incompleto",1377,9.25216690183431
"Amapá",2012,"Ensino médio completo",995,6.68548007794127
"Amapá",2012,"Educação superior incompleto",101,0.678626620976954
"Amapá",2012,"Educação superior completa",114,0.765974601894779
"Amapá",2012,"Não se aplica",1690,11.3552375193173
"Amapá",2013,"Analfabeto",788,5.0373969187496
"Amapá",2013,"1ª a 4ª série incompleta do EF",3814,24.3815124976028
"Amapá",2013,"4ª série completa do EF",1849,11.8199833791472
"Amapá",2013,"5ª a 8ª série incompleta do EF",3349,21.4089369046858
"Amapá",2013,"Ensino fundamental completo",1044,6.67391165377485
"Amapá",2013,"Ensino médio incompleto",1953,12.4848174902512
"Amapá",2013,"Ensino médio completo",1137,7.26842677235824
"Amapá",2013,"Educação superior incompleto",119,0.760723646359394
"Amapá",2013,"Educação superior completa",152,0.971680623921243
"Amapá",2013,"Não se aplica",1438,9.19261011314965
"Amapá",2014,"Analfabeto",821,5.49936365463192
"Amapá",2014,"1ª a 4ª série incompleta do EF",3324,22.265389510349
"Amapá",2014,"4ª série completa do EF",1694,11.3470426686315
"Amapá",2014,"5ª a 8ª série incompleta do EF",2951,19.7668966441155
"Amapá",2014,"Ensino fundamental completo",1010,6.76535601848751
"Amapá",2014,"Ensino médio incompleto",1892,12.6733203831469
"Amapá",2014,"Ensino médio completo",1499,10.0408600710027
"Amapá",2014,"Educação superior incompleto",145,0.971263982852167
"Amapá",2014,"Educação superior completa",187,1.25259561926452
"Amapá",2014,"Não se aplica",1406,9.41791144751825
"Amapá",2015,"Analfabeto",763,4.90959397722154
"Amapá",2015,"1ª a 4ª série incompleta do EF",4103,26.4011324882569
"Amapá",2015,"4ª série completa do EF",1298,8.35210089440834
"Amapá",2015,"5ª a 8ª série incompleta do EF",3204,20.6164339489093
"Amapá",2015,"Ensino fundamental completo",943,6.06782060356476
"Amapá",2015,"Ensino médio incompleto",1624,10.4497780065633
"Amapá",2015,"Ensino médio completo",1632,10.5012547455119
"Amapá",2015,"Educação superior incompleto",171,1.10031529502606
"Amapá",2015,"Educação superior completa",257,1.65369023872338
"Amapá",2015,"Não se aplica",1546,9.94787980181455
"Amapá",2016,"Analfabeto",756,5.54211568066857
"Amapá",2016,"1ª a 4ª série incompleta do EF",3465,25.4013635363976
"Amapá",2016,"4ª série completa do EF",1095,8.0272707279525
"Amapá",2016,"5ª a 8ª série incompleta do EF",2846,20.863573051829
"Amapá",2016,"Ensino fundamental completo",910,6.67106517117513
"Amapá",2016,"Ensino médio incompleto",1347,9.87464262150869
"Amapá",2016,"Ensino médio completo",1585,11.6193827432006
"Amapá",2016,"Educação superior incompleto",125,0.91635510593065
"Amapá",2016,"Educação superior completa",217,1.59079246389561
"Amapá",2016,"Não se aplica",1295,9.49343889744154
"Amapá",2017,"Analfabeto",1251,7.47892628684163
"Amapá",2017,"1ª a 4ª série incompleta do EF",3249,19.4236862557542
"Amapá",2017,"4ª série completa do EF",1450,8.66861959705865
"Amapá",2017,"5ª a 8ª série incompleta do EF",4316,25.8025946075208
"Amapá",2017,"Ensino fundamental completo",1090,6.51641059365098
"Amapá",2017,"Ensino médio incompleto",1649,9.85831290727566
"Amapá",2017,"Ensino médio completo",1838,10.9882226340647
"Amapá",2017,"Educação superior incompleto",140,0.836970167991869
"Amapá",2017,"Educação superior completa",171,1.02229927661864
"Amapá",2017,"Não se aplica",1573,9.40395767322293
"Amapá",2018,"Analfabeto",1130,6.85596408202888
"Amapá",2018,"1ª a 4ª série incompleta do EF",2852,17.3037252760587
"Amapá",2018,"4ª série completa do EF",1531,9.28892124742143
"Amapá",2018,"5ª a 8ª série incompleta do EF",4143,25.1365125591554
"Amapá",2018,"Ensino fundamental completo",1239,7.51729159082636
"Amapá",2018,"Ensino médio incompleto",1815,11.0120131052057
"Amapá",2018,"Ensino médio completo",1805,10.9513408566921
"Amapá",2018,"Educação superior incompleto",146,0.885814828297537
"Amapá",2018,"Educação superior completa",292,1.77162965659507
"Amapá",2018,"Não se aplica",1529,9.27678679771872
"Amapá",2019,"Analfabeto",720,6.1053167133045
"Amapá",2019,"1ª a 4ª série incompleta do EF",2107,17.8665309929619
"Amapá",2019,"4ª série completa do EF",1012,8.58136182481133
"Amapá",2019,"5ª a 8ª série incompleta do EF",3086,26.1680658017468
"Amapá",2019,"Ensino fundamental completo",813,6.89392012210633
"Amapá",2019,"Ensino médio incompleto",1220,10.3451199864326
"Amapá",2019,"Ensino médio completo",1386,11.7527346731112
"Amapá",2019,"Educação superior incompleto",101,0.856440261171882
"Amapá",2019,"Educação superior completa",140,1.18714491647588
"Amapá",2019,"Não se aplica",1208,10.2433647078776
"Tocantins",2011,"5ª a 8ª série incompleta do EF",4,40
"Tocantins",2011,"Ensino fundamental completo",2,20
"Tocantins",2011,"Ensino médio incompleto",1,10
"Tocantins",2011,"Não se aplica",3,30
"Tocantins",2012,"1ª a 4ª série incompleta do EF",5,62.5
"Tocantins",2012,"5ª a 8ª série incompleta do EF",1,12.5
"Tocantins",2012,"Ensino fundamental completo",1,12.5
"Tocantins",2012,"Ensino médio completo",1,12.5
"Tocantins",2013,"1ª a 4ª série incompleta do EF",2,7.69230769230769
"Tocantins",2013,"4ª série completa do EF",3,11.5384615384615
"Tocantins",2013,"5ª a 8ª série incompleta do EF",3,11.5384615384615
"Tocantins",2013,"Ensino fundamental completo",13,50
"Tocantins",2013,"Ensino médio completo",5,19.2307692307692
"Tocantins",2014,"5ª a 8ª série incompleta do EF",3,75
"Tocantins",2014,"Ensino fundamental completo",1,25
"Tocantins",2016,"1ª a 4ª série incompleta do EF",1,10
"Tocantins",2016,"4ª série completa do EF",2,20
"Tocantins",2016,"5ª a 8ª série incompleta do EF",5,50
"Tocantins",2016,"Ensino fundamental completo",1,10
"Tocantins",2016,"Ensino médio completo",1,10
"Tocantins",2017,"Analfabeto",2,3.125
"Tocantins",2017,"1ª a 4ª série incompleta do EF",11,17.1875
"Tocantins",2017,"4ª série completa do EF",2,3.125
"Tocantins",2017,"5ª a 8ª série incompleta do EF",22,34.375
"Tocantins",2017,"Ensino fundamental completo",4,6.25
"Tocantins",2017,"Ensino médio incompleto",1,1.5625
"Tocantins",2017,"Ensino médio completo",12,18.75
"Tocantins",2017,"Educação superior incompleto",1,1.5625
"Tocantins",2017,"Educação superior completa",9,14.0625
"Tocantins",2018,"1ª a 4ª série incompleta do EF",1,11.1111111111111
"Tocantins",2018,"5ª a 8ª série incompleta do EF",2,22.2222222222222
"Tocantins",2018,"Ensino fundamental completo",1,11.1111111111111
"Tocantins",2018,"Ensino médio incompleto",2,22.2222222222222
"Tocantins",2018,"Ensino médio completo",2,22.2222222222222
"Tocantins",2018,"Educação superior completa",1,11.1111111111111
"Tocantins",2019,"Ensino médio completo",1,100
"Maranhão",2011,"Analfabeto",169,5.96540769502294
"Maranhão",2011,"1ª a 4ª série incompleta do EF",1180,41.6519590540064
"Maranhão",2011,"4ª série completa do EF",478,16.872573243911
"Maranhão",2011,"5ª a 8ª série incompleta do EF",472,16.6607836216025
"Maranhão",2011,"Ensino fundamental completo",164,5.78891634309919
"Maranhão",2011,"Ensino médio incompleto",83,2.92975644193434
"Maranhão",2011,"Ensino médio completo",80,2.82386163078009
"Maranhão",2011,"Educação superior incompleto",14,0.494175785386516
"Maranhão",2011,"Educação superior completa",4,0.141193081539005
"Maranhão",2011,"Não se aplica",189,6.67137310271797
"Maranhão",2012,"Analfabeto",59,5.03412969283276
"Maranhão",2012,"1ª a 4ª série incompleta do EF",540,46.0750853242321
"Maranhão",2012,"4ª série completa do EF",158,13.481228668942
"Maranhão",2012,"5ª a 8ª série incompleta do EF",150,12.7986348122867
"Maranhão",2012,"Ensino fundamental completo",75,6.39931740614334
"Maranhão",2012,"Ensino médio incompleto",44,3.7542662116041
"Maranhão",2012,"Ensino médio completo",37,3.15699658703072
"Maranhão",2012,"Educação superior incompleto",6,0.511945392491468
"Maranhão",2012,"Educação superior completa",3,0.255972696245734
"Maranhão",2012,"Não se aplica",100,8.53242320819113
"Maranhão",2013,"Analfabeto",33,4.91803278688525
"Maranhão",2013,"1ª a 4ª série incompleta do EF",282,42.026825633383
"Maranhão",2013,"4ª série completa do EF",81,12.0715350223547
"Maranhão",2013,"5ª a 8ª série incompleta do EF",107,15.946348733234
"Maranhão",2013,"Ensino fundamental completo",50,7.45156482861401
"Maranhão",2013,"Ensino médio incompleto",24,3.57675111773472
"Maranhão",2013,"Ensino médio completo",24,3.57675111773472
"Maranhão",2013,"Educação superior incompleto",6,0.894187779433681
"Maranhão",2013,"Educação superior completa",1,0.14903129657228
"Maranhão",2013,"Não se aplica",63,9.38897168405365
"Maranhão",2014,"Analfabeto",73,9.60526315789474
"Maranhão",2014,"1ª a 4ª série incompleta do EF",288,37.8947368421053
"Maranhão",2014,"4ª série completa do EF",116,15.2631578947368
"Maranhão",2014,"5ª a 8ª série incompleta do EF",116,15.2631578947368
"Maranhão",2014,"Ensino fundamental completo",43,5.65789473684211
"Maranhão",2014,"Ensino médio incompleto",25,3.28947368421053
"Maranhão",2014,"Ensino médio completo",23,3.02631578947368
"Maranhão",2014,"Educação superior completa",2,0.263157894736842
"Maranhão",2014,"Não se aplica",74,9.73684210526316
"Maranhão",2015,"Analfabeto",9,3.8961038961039
"Maranhão",2015,"1ª a 4ª série incompleta do EF",88,38.0952380952381
"Maranhão",2015,"4ª série completa do EF",35,15.1515151515152
"Maranhão",2015,"5ª a 8ª série incompleta do EF",49,21.2121212121212
"Maranhão",2015,"Ensino fundamental completo",26,11.2554112554113
"Maranhão",2015,"Ensino médio incompleto",9,3.8961038961039
"Maranhão",2015,"Ensino médio completo",6,2.5974025974026
"Maranhão",2015,"Educação superior incompleto",1,0.432900432900433
"Maranhão",2015,"Educação superior completa",2,0.865800865800866
"Maranhão",2015,"Não se aplica",6,2.5974025974026
"Maranhão",2016,"Analfabeto",9,4.94505494505495
"Maranhão",2016,"1ª a 4ª série incompleta do EF",39,21.4285714285714
"Maranhão",2016,"4ª série completa do EF",52,28.5714285714286
"Maranhão",2016,"5ª a 8ª série incompleta do EF",38,20.8791208791209
"Maranhão",2016,"Ensino fundamental completo",21,11.5384615384615
"Maranhão",2016,"Ensino médio incompleto",10,5.49450549450549
"Maranhão",2016,"Ensino médio completo",7,3.84615384615385
"Maranhão",2016,"Educação superior incompleto",1,0.549450549450549
"Maranhão",2016,"Educação superior completa",1,0.549450549450549
"Maranhão",2016,"Não se aplica",4,2.1978021978022
"Maranhão",2017,"Analfabeto",96,22.8028503562945
"Maranhão",2017,"1ª a 4ª série incompleta do EF",109,25.8907363420428
"Maranhão",2017,"4ª série completa do EF",43,10.2137767220903
"Maranhão",2017,"5ª a 8ª série incompleta do EF",52,12.3515439429929
"Maranhão",2017,"Ensino fundamental completo",33,7.83847980997625
"Maranhão",2017,"Ensino médio incompleto",24,5.70071258907363
"Maranhão",2017,"Ensino médio completo",14,3.32541567695962
"Maranhão",2017,"Educação superior incompleto",1,0.237529691211401
"Maranhão",2017,"Educação superior completa",2,0.475059382422803
"Maranhão",2017,"Não se aplica",47,11.1638954869359
"Maranhão",2018,"Analfabeto",72,19.047619047619
"Maranhão",2018,"1ª a 4ª série incompleta do EF",120,31.7460317460317
"Maranhão",2018,"4ª série completa do EF",38,10.0529100529101
"Maranhão",2018,"5ª a 8ª série incompleta do EF",43,11.3756613756614
"Maranhão",2018,"Ensino fundamental completo",19,5.02645502645503
"Maranhão",2018,"Ensino médio incompleto",26,6.87830687830688
"Maranhão",2018,"Ensino médio completo",16,4.23280423280423
"Maranhão",2018,"Educação superior incompleto",4,1.05820105820106
"Maranhão",2018,"Educação superior completa",2,0.529100529100529
"Maranhão",2018,"Não se aplica",38,10.0529100529101
"Maranhão",2019,"Analfabeto",8,7.20720720720721
"Maranhão",2019,"1ª a 4ª série incompleta do EF",46,41.4414414414414
"Maranhão",2019,"4ª série completa do EF",8,7.20720720720721
"Maranhão",2019,"5ª a 8ª série incompleta do EF",15,13.5135135135135
"Maranhão",2019,"Ensino fundamental completo",10,9.00900900900901
"Maranhão",2019,"Ensino médio incompleto",6,5.40540540540541
"Maranhão",2019,"Ensino médio completo",5,4.5045045045045
"Maranhão",2019,"Educação superior completa",3,2.7027027027027
"Maranhão",2019,"Não se aplica",10,9.00900900900901
"Mato Grosso",2011,"Analfabeto",80,3.80228136882129
"Mato Grosso",2011,"1ª a 4ª série incompleta do EF",647,30.7509505703422
"Mato Grosso",2011,"4ª série completa do EF",306,14.5437262357414
"Mato Grosso",2011,"5ª a 8ª série incompleta do EF",445,21.1501901140684
"Mato Grosso",2011,"Ensino fundamental completo",310,14.7338403041825
"Mato Grosso",2011,"Ensino médio incompleto",104,4.94296577946768
"Mato Grosso",2011,"Ensino médio completo",83,3.94486692015209
"Mato Grosso",2011,"Educação superior incompleto",28,1.33079847908745
"Mato Grosso",2011,"Educação superior completa",8,0.380228136882129
"Mato Grosso",2011,"Não se aplica",93,4.42015209125475
"Mato Grosso",2012,"Analfabeto",18,1.24223602484472
"Mato Grosso",2012,"1ª a 4ª série incompleta do EF",193,13.3195307108351
"Mato Grosso",2012,"4ª série completa do EF",190,13.1124913733609
"Mato Grosso",2012,"5ª a 8ª série incompleta do EF",286,19.7377501725328
"Mato Grosso",2012,"Ensino fundamental completo",533,36.783988957902
"Mato Grosso",2012,"Ensino médio incompleto",62,4.27881297446515
"Mato Grosso",2012,"Ensino médio completo",88,6.07315389924086
"Mato Grosso",2012,"Educação superior incompleto",8,0.552104899930987
"Mato Grosso",2012,"Educação superior completa",9,0.62111801242236
"Mato Grosso",2012,"Não se aplica",62,4.27881297446515
"Mato Grosso",2013,"Analfabeto",35,2.27864583333333
"Mato Grosso",2013,"1ª a 4ª série incompleta do EF",165,10.7421875
"Mato Grosso",2013,"4ª série completa do EF",177,11.5234375
"Mato Grosso",2013,"5ª a 8ª série incompleta do EF",548,35.6770833333333
"Mato Grosso",2013,"Ensino fundamental completo",384,25
"Mato Grosso",2013,"Ensino médio incompleto",80,5.20833333333333
"Mato Grosso",2013,"Ensino médio completo",69,4.4921875
"Mato Grosso",2013,"Educação superior incompleto",5,0.325520833333333
"Mato Grosso",2013,"Educação superior completa",16,1.04166666666667
"Mato Grosso",2013,"Não se aplica",57,3.7109375
"Mato Grosso",2014,"Analfabeto",20,1.55642023346304
"Mato Grosso",2014,"1ª a 4ª série incompleta do EF",152,11.8287937743191
"Mato Grosso",2014,"4ª série completa do EF",168,13.0739299610895
"Mato Grosso",2014,"5ª a 8ª série incompleta do EF",488,37.9766536964981
"Mato Grosso",2014,"Ensino fundamental completo",262,20.3891050583658
"Mato Grosso",2014,"Ensino médio incompleto",53,4.12451361867704
"Mato Grosso",2014,"Ensino médio completo",68,5.29182879377432
"Mato Grosso",2014,"Educação superior incompleto",6,0.466926070038911
"Mato Grosso",2014,"Educação superior completa",5,0.389105058365759
"Mato Grosso",2014,"Não se aplica",63,4.90272373540856
"Mato Grosso",2015,"Analfabeto",24,1.42095914742451
"Mato Grosso",2015,"1ª a 4ª série incompleta do EF",190,11.2492599171107
"Mato Grosso",2015,"4ª série completa do EF",339,20.0710479573712
"Mato Grosso",2015,"5ª a 8ª série incompleta do EF",509,30.1361752516282
"Mato Grosso",2015,"Ensino fundamental completo",211,12.4925991711072
"Mato Grosso",2015,"Ensino médio incompleto",236,13.9727649496744
"Mato Grosso",2015,"Ensino médio completo",99,5.86145648312611
"Mato Grosso",2015,"Educação superior incompleto",10,0.59206631142688
"Mato Grosso",2015,"Educação superior completa",14,0.828892835997632
"Mato Grosso",2015,"Não se aplica",57,3.37477797513321
"Mato Grosso",2016,"Analfabeto",13,1.59313725490196
"Mato Grosso",2016,"1ª a 4ª série incompleta do EF",105,12.8676470588235
"Mato Grosso",2016,"4ª série completa do EF",361,44.2401960784314
"Mato Grosso",2016,"5ª a 8ª série incompleta do EF",122,14.9509803921569
"Mato Grosso",2016,"Ensino fundamental completo",73,8.94607843137255
"Mato Grosso",2016,"Ensino médio incompleto",77,9.43627450980392
"Mato Grosso",2016,"Ensino médio completo",38,4.65686274509804
"Mato Grosso",2016,"Educação superior incompleto",4,0.490196078431373
"Mato Grosso",2016,"Educação superior completa",4,0.490196078431373
"Mato Grosso",2016,"Não se aplica",19,2.32843137254902
"Mato Grosso",2017,"Analfabeto",9,1.18733509234828
"Mato Grosso",2017,"1ª a 4ª série incompleta do EF",98,12.9287598944591
"Mato Grosso",2017,"4ª série completa do EF",260,34.3007915567282
"Mato Grosso",2017,"5ª a 8ª série incompleta do EF",166,21.8997361477573
"Mato Grosso",2017,"Ensino fundamental completo",74,9.76253298153034
"Mato Grosso",2017,"Ensino médio incompleto",69,9.10290237467018
"Mato Grosso",2017,"Ensino médio completo",47,6.20052770448549
"Mato Grosso",2017,"Educação superior incompleto",5,0.659630606860158
"Mato Grosso",2017,"Educação superior completa",2,0.263852242744063
"Mato Grosso",2017,"Não se aplica",28,3.69393139841689
"Mato Grosso",2018,"Analfabeto",41,3.07576894223556
"Mato Grosso",2018,"1ª a 4ª série incompleta do EF",149,11.1777944486122
"Mato Grosso",2018,"4ª série completa do EF",426,31.9579894973743
"Mato Grosso",2018,"5ª a 8ª série incompleta do EF",386,28.9572393098275
"Mato Grosso",2018,"Ensino fundamental completo",103,7.72693173293323
"Mato Grosso",2018,"Ensino médio incompleto",97,7.2768192048012
"Mato Grosso",2018,"Ensino médio completo",80,6.00150037509377
"Mato Grosso",2018,"Educação superior incompleto",5,0.375093773443361
"Mato Grosso",2018,"Educação superior completa",4,0.300075018754689
"Mato Grosso",2018,"Não se aplica",42,3.15078769692423
"Mato Grosso",2019,"Analfabeto",58,1.93526860193527
"Mato Grosso",2019,"1ª a 4ª série incompleta do EF",314,10.4771438104771
"Mato Grosso",2019,"4ª série completa do EF",413,13.7804471137804
"Mato Grosso",2019,"5ª a 8ª série incompleta do EF",893,29.7964631297965
"Mato Grosso",2019,"Ensino fundamental completo",451,15.0483817150484
"Mato Grosso",2019,"Ensino médio incompleto",378,12.6126126126126
"Mato Grosso",2019,"Ensino médio completo",337,11.2445779112446
"Mato Grosso",2019,"Educação superior incompleto",22,0.734067400734067
"Mato Grosso",2019,"Educação superior completa",34,1.13446780113447
"Mato Grosso",2019,"Não se aplica",97,3.23656990323657
